{
  "main": {
    "id": "1f1a8885265a72eb",
    "type": "split",
    "children": [
      {
        "id": "53112dcef59af086",
        "type": "tabs",
        "children": [
          {
            "id": "2303ef1ec4fdb03e",
            "type": "leaf",
            "state": {
              "type": "markdown",
              "state": {
                "file": "04 实训2：Git 基本操作/2 操作演示：Git 命令初探(40min).md",
                "mode": "preview",
                "source": false
              }
            }
          }
        ]
      }
    ],
    "direction": "vertical"
  },
  "left": {
    "id": "61064d347ad8b4fe",
    "type": "split",
    "children": [
      {
        "id": "3b01fbc8fe92f9aa",
        "type": "tabs",
        "children": [
          {
            "id": "c5fa96920010f758",
            "type": "leaf",
            "state": {
              "type": "file-explorer",
              "state": {
                "sortOrder": "alphabetical"
              }
            }
          },
          {
            "id": "b8274843f9b3f20f",
            "type": "leaf",
            "state": {
              "type": "search",
              "state": {
                "query": "",
                "matchingCase": false,
                "explainSearch": false,
                "collapseAll": false,
                "extraContext": false,
                "sortOrder": "alphabetical"
              }
            }
          },
          {
            "id": "e5ea36b29a5f1eb2",
            "type": "leaf",
            "state": {
              "type": "starred",
              "state": {}
            }
          },
          {
            "id": "aa658b5c5cdc875f",
            "type": "leaf",
            "state": {
              "type": "bookmarks",
              "state": {}
            }
          }
        ]
      }
    ],
    "direction": "horizontal",
    "width": 300,
    "collapsed": true
  },
  "right": {
    "id": "ead394a5b92bb4b3",
    "type": "split",
    "children": [
      {
        "id": "7665c24e9725bdd6",
        "type": "tabs",
        "children": [
          {
            "id": "6b02638c48049349",
            "type": "leaf",
            "state": {
              "type": "backlink",
              "state": {
                "file": "04 实训2：Git 基本操作/2 操作演示：Git 命令初探(40min).md",
                "collapseAll": false,
                "extraContext": false,
                "sortOrder": "alphabetical",
                "showSearch": false,
                "searchQuery": "",
                "backlinkCollapsed": false,
                "unlinkedCollapsed": true
              }
            }
          },
          {
            "id": "aa175fa5202fa4c9",
            "type": "leaf",
            "state": {
              "type": "outgoing-link",
              "state": {
                "file": "04 实训2：Git 基本操作/2 操作演示：Git 命令初探(40min).md",
                "linksCollapsed": false,
                "unlinkedCollapsed": true
              }
            }
          },
          {
            "id": "7af54f23f8f1eed0",
            "type": "leaf",
            "state": {
              "type": "tag",
              "state": {
                "sortOrder": "frequency",
                "useHierarchy": true
              }
            }
          },
          {
            "id": "4bbec95aa2c6d160",
            "type": "leaf",
            "state": {
              "type": "outline",
              "state": {
                "file": "04 实训2：Git 基本操作/2 操作演示：Git 命令初探(40min).md"
              }
            }
          },
          {
            "id": "13caef7dd23f51d4",
            "type": "leaf",
            "state": {
              "type": "all-properties",
              "state": {
                "sortOrder": "frequency"
              }
            }
          }
        ]
      }
    ],
    "direction": "horizontal",
    "width": 300,
    "collapsed": true
  },
  "left-ribbon": {
    "hiddenItems": {
      "switcher:打开快速切换": false,
      "graph:查看关系图谱": false,
      "canvas:新建白板": false,
      "daily-notes:打开/创建今天的日记": false,
      "templates:插入模板": false,
      "command-palette:打开命令面板": false
    }
  },
  "active": "2303ef1ec4fdb03e",
  "lastOpenFiles": [
    "04 实训2：Git 基本操作/1 认识 Git(15min).md",
    "03 三、HTML 基础知识/1 HTML 与页面(30min).md",
    "04 实训2：Git 基本操作/3 上机实训(25min).md",
    "04 实训2：Git 基本操作/2 操作演示：Git 命令初探(40min).md",
    "04 实训2：Git 基本操作",
    "05 实训3：Git 操作进阶/3 上机实训(30min).md",
    "05 实训3：Git 操作进阶/1 更好的利用 Git(10min).md",
    "05 实训3：Git 操作进阶/2 操作演示：Git 进阶(40min).md",
    "05 实训3：Git 操作进阶",
    "03 三、HTML 基础知识/0 课程引入(10min).md",
    "02 实训1：VSCode & WSL/1 操作演示：熟悉开发环境(40min).md",
    "01 一、认识软件和工具/5 课程小结(10min).md",
    "01 一、认识软件和工具/2 选择合适的 IDE（20min）.md",
    "01 一、认识软件和工具/3 CLI 命令行终端（20min).md",
    "00 〇、课程概述/2 学习思路（25min）.md",
    "01 一、认识软件和工具/4 机房的还原系统(10min).md",
    "02 实训1：VSCode & WSL/2 上机实训(40min).md",
    "01 一、认识软件和工具/1 Edge 浏览器（17min）.md",
    "01 一、认识软件和工具/0 课程引入（3min）.md",
    "00 〇、课程概述/3 评分方式（40min）.md",
    "00 〇、课程概述/1 课程介绍（15min）.md",
    "03 三、HTML 基础知识/4 课程小结(10min).md",
    "03 三、HTML 基础知识/3 为页面添加注释(20min).md",
    "03 三、HTML 基础知识/2 概念梳理(10min).md",
    "《网页制作教程》/适用班级：信息2004 2005.md",
    "《网页制作教程》/编辑时间：2023年9月.md",
    "06 四、深入理解超文本/2 属性和元素(30min).md"
  ]
}